dem_req_rate,req_rate_c-c.herokuapp.com,con_rate_c-c.herokuapp.com,min_rep_rate_c-c.herokuapp.com,avg_rep_rate_c-c.herokuapp.com,max_rep_rate_c-c.herokuapp.com,stddev_rep_rate_c-c.herokuapp.com,resp_time_c-c.herokuapp.com,net_io_c-c.herokuapp.com,errors_c-c.herokuapp.com
5000,2653.8,106.2,0,2653.78230009404,6615.2558782923,2144.9,184.7,506.3,0.1
7500,3718.6,148.9,0,3747.28333214721,8802.46084680325,2783.2,382.5,698.7,0.188888888888889
10000,5149.8,206.3,0,5163.4,10482.4,3643.6,299.1,964.7,0.316666666666667
12500,5957.9,240.0,0,6000.6,10426.9,4121.6,441.4,1098.6,1.44
15000,6272.4,308.6,0,6077.38062033167,10020.3234689001,3970.9,432.5,1226.4,33.3444444444444
17500,8028.3,329.3,0,5508.54278196533,13451.6681048025,5727.3,608.9,1461.7,4.1047619047619
20000,,,,,,,,,101
22500,,,,,,,,,101
25000,,,,,,,,,101
27500,,,,,,,,,101
30000,,,,,,,,,101
32500,,,,,,,,,101
35000,,,,,,,,,101
37500,,,,,,,,,101
40000,,,,,,,,,101
42500,,,,,,,,,101
45000,,,,,,,,,101
47500,,,,,,,,,101
50000,,,,,,,,,101
52500,,,,,,,,,101
55000,,,,,,,,,101
57500,,,,,,,,,101
60000,,,,,,,,,101
