dem_req_rate,req_rate_java-jetty.herokuapp.com,con_rate_java-jetty.herokuapp.com,min_rep_rate_java-jetty.herokuapp.com,avg_rep_rate_java-jetty.herokuapp.com,max_rep_rate_java-jetty.herokuapp.com,stddev_rep_rate_java-jetty.herokuapp.com,resp_time_java-jetty.herokuapp.com,net_io_java-jetty.herokuapp.com,errors_java-jetty.herokuapp.com
5000,4117.7,164.9,0,4160.8,8132.6,1987.6,315.0,1258.5,0.216666666666667
7500,6930.1,277.4,1346.1,6987.5,8636.3,1346.8,97.2,2118.2,0.133333333333333
10000,7432.2,297.5,0,7495.6,10264.7,3332.0,130.2,2271.7,0.1
12500,,,,,,,,,101
15000,9266.2,371.0,0,6744.19786468634,17914.7687725395,6013.8,399.1,2516.2,0.227777777777778
17500,,,,,,,,,101
20000,9748.3,390.3,0,5272.87943957513,11356.5246209524,6643.5,578.3,2429.1,0.175
22500,,,,,,,,,101
25000,,,,,,,,,101
27500,,,,,,,,,101
30000,,,,,,,,,101
32500,,,,,,,,,101
35000,,,,,,,,,101
37500,,,,,,,,,101
40000,,,,,,,,,101
42500,,,,,,,,,101
45000,,,,,,,,,101
47500,,,,,,,,,101
50000,,,,,,,,,101
52500,,,,,,,,,101
55000,,,,,,,,,101
57500,,,,,,,,,101
60000,,,,,,,,,101
