dem_req_rate,req_rate_scala-finagle.herokuapp.com,con_rate_scala-finagle.herokuapp.com,min_rep_rate_scala-finagle.herokuapp.com,avg_rep_rate_scala-finagle.herokuapp.com,max_rep_rate_scala-finagle.herokuapp.com,stddev_rep_rate_scala-finagle.herokuapp.com,resp_time_scala-finagle.herokuapp.com,net_io_scala-finagle.herokuapp.com,errors_scala-finagle.herokuapp.com
5000,3534.5,141.4,0,3569.73338356192,8530.10185956888,2645.0,388.9,577.4,0.05
7500,5972.4,238.9,222,5999.1,10008,2294.6,185.6,973.5,0
10000,7783.6,311.5,0,7788.9,11802.3,3219.9,185.8,1258.6,0.0666666666666667
12500,7868.2,315.0,0,6953.13794323875,14660.4356603507,4228.4,366.4,1291.7,0.153333333333333
15000,7846.7,314.2,0,5700.78368513789,13332.8922539222,6102.1,441.7,1314.0,0.211111111111111
17500,9246.6,370.8,0,6067.25200825919,13690.5597973786,6131.3,705.6,1566.3,0.566666666666667
20000,,,,,,,,,101
22500,7015.5,441.1,0,5127.54244410066,14795.8480410452,4596.6,889.8,1581.2,58.1222222222222
25000,,,,,,,,,101
27500,,,,,,,,,101
30000,,,,,,,,,101
32500,,,,,,,,,101
35000,,,,,,,,,101
37500,,,,,,,,,101
40000,,,,,,,,,101
42500,,,,,,,,,101
45000,,,,,,,,,101
47500,,,,,,,,,101
50000,,,,,,,,,101
52500,,,,,,,,,101
55000,,,,,,,,,101
57500,,,,,,,,,101
60000,,,,,,,,,101
